content_id,content_title_h1,content_title_h2,content_class_main,content_class_sub,content_date_time,content_all,content_tag
202401290012,複製0050、0056心法！00940高股息ETF這時開募、親民價10元…月配息搭這2檔秒變周周配,,投資理財,ETF,2024-01-31,"
 
元大投信具備業界指標級0050、0056發行經驗，針對市場趨勢與產品差異性，再推出首檔結合巴菲特價值投資，以及月配息設計與10元親民發行價的高股息ETF「元大臺灣價值高息（00940）」（本基金之配息來源可能為收益平準金），將於3月11日展開募集。
 
元大投信表示，本次推出00940，是繼2017年發行元大台灣高息低波（00713）（本基金之配息來源可能為收益平準金）、2019年發行元大臺灣ESG永續（00850）（本基金之配息來源可能為收益平準金）後，再次募集台股ETF。
 
元大投信表示，00940核心投資策略獨家納入巴菲特價值投資指標，相對於追逐股價動能，或是頻繁交換投資風格，00940在凸顯高股息特色的同時，亦專注於優質股票的長期評價走揚潛力，1年兩次成分股調整均聚焦價值投資，全天候參與股息收益與資產增長。
 
00940追蹤指數以上市櫃前300大企業為選股池，且每年5月初與11月初即定期審核成分股，面對資金籌碼集中趨勢，提前卡位下一階段極具價值投資的標的，在經過流動性、EPS、本益比等指標篩選後，再依照巴菲特價值投資指標核心的自由現金流量進行選股。
 
元大投信指出，00940除具備價值投資特色，追求高CP值成分股標的，月配息加上發行價10元設計，更追求讓新進小資族能夠執行「低價買、輕鬆存、每月領」的無壓力投資哲學。
 
元大投信提醒，選擇高股息ETF時，除應注意配息率是否與標的指數息率差異太大，可能使ETF長期績效落後標的指數，參加配息時也要留意配息率不代表報酬率，ETF所領到的企業所發放股利，均計算於每日淨值之內，無論是否配出均屬於投資人權益，配息金額會自ETF淨值扣除，宜一併留意淨值之變動。
 
這檔高股息ETF也掀起網友熱議，有人建議可和00939（月中配息）、00929（月底配息）搭配，實現週週配，還有人覺得，如果可以一直領一直複利也蠻猛的，「周周領，以後要出日日領了」。
 
還有網友表示，00940和00939都會申購個100張，理由是很多人認為現在大盤在高點，申購後怕大盤回檔，「但我認為今年不會是空頭年，大盤只會回檔但不會走空」，若今年開始降息，有機會挑戰2萬點，「00940若發行價10元，大概月配0.06就有7%殖利率了」。
 
 

熱門新聞：
裕隆強調代理比亞迪、奇瑞「非事實」...中國未來攻佔台灣車市機率多高？經部、車輛公會說話了
 
當年賣掉兆豐金換0056，沒想到讓我1年半才走出套房...存股達人：持有0056的煎熬過程讓我學會1件事

 
","00940,00940怎麼買,00940申購,高股息ETF,0056,00929,00939,0050"
202401300002,哪裡可以換新鈔？Google換鈔地圖輕鬆查！ATM、郵局「限時5天」...父母、小孩紅包行情一次看,"哪裡可以換新鈔？,Google換鈔地圖超方便　一鍵查離你最近據點,過年紅包行情一覽表,沒有福利、每天吃報廢食品，他超商打工10年無怨言！46歲只領最低時薪...1原因「從沒想過換工作」, , ,過年紅包要封口嗎？,過年現鈔流通大 辨別假鈔有3招",職場生活,生活消費,2024-02-05,"
 
哪裡可以換新鈔？
 
根據中央銀行公告，今年新鈔兌換日期為113年2月1日（四）起至2月7日（三）止，共5個營業日。
 
民眾可於臺灣銀行、臺灣土地銀行、合作金庫商業銀行、第一商業銀行、華南商業銀行、彰化商業銀行、臺灣中小企業銀行及456家郵局兌換新鈔，以央行公告為準。
 
兌鈔限額為100元每人限兌100張，其餘各面額鈔券酌量供應。
 
台銀董事長呂桔誠表示，台銀新鈔兌換已經在進行中，每一個營業單位都有一台放新鈔的ATM，如果民眾有需要可以先兌換以紓解排隊人潮，而到真正兌換鈔的時候，會至少設置五到六個專屬兌換櫃台。
 

中央銀行請臺灣銀行、臺灣土地銀行、合作金庫商業銀行、第一商業銀行、華南商業銀行、彰化商業銀行、臺灣中小企業銀行及中華郵政公司等8家金融機構，選定454家分行(郵局)作為指定兌鈔地點。
 
「113年度春節新鈔兌換地點一覽表」看此

Google換鈔地圖超方便　一鍵查離你最近據點
 
為讓民眾出門在外能更便利地找到所在位置周邊的兌換新鈔據點，央行結合Google 地圖製作了「113年度春節前新鈔兌換地圖」（網址點此）方便民眾使用手機查找。
 
不過央行提醒，由於資金調度及庫存限額等因素，各銀行兌鈔地點每日新鈔供應有限額，民眾如果無法充分兌得所需的新鈔，請洽其他鄰近兌換地點辦理。
 
此外，央行也呼籲「紅包在心，不在新」，建議民眾紅包不一定要用新鈔，若民眾減少兌換新鈔，央行也能減少新鈔印製量，永續環保愛地球。
 

 
過年紅包行情一覽表
 
挑個吉利數字，可擅用百元鈔
 
包紅包最重要的是「挑個好數字，討吉利」，由於6跟8因為諧音同「一路發」，最受歡迎；如果想包大紅包，不妨多換些百元鈔票，以百元鈔替代千元鈔，增加紅包厚實感。再者，百元鈔「紅色」表示喜氣，能更增添年味和歡樂。
 
此外，包紅包還有一個重要原則是「雙數」，雙數代表好事成雙，也象徵吉祥吉利。雙數並非指數學上能被二整除，而是非零結尾的數字必需是雙數，例如3000在數學定義上雖然是雙數（能被2整除），但非零結尾的3是單數，所以在包紅包時，3000算是單數，通常只有在喪禮時會用到。
 

熱門新聞:
領死薪水省吃儉用，很難財務自由！他45歲提早退休，18年後寫給上班族5個忠告：退休規劃把握2原則
 
沒有福利、每天吃報廢食品，他超商打工10年無怨言！46歲只領最低時薪...1原因「從沒想過換工作」

 
 

 
按照以上原則，常見的紅包數字由小到到大為：200、600、1,000、1,200、1,600、2,000、2,200、2,600、3,600、6,000、6,600、10,000、16,000。
 
以常見的紅包行情來看，又可以對象不同區分：(可視自身經濟情況做調整)
 



發紅包對象
紅包金額


父母

6,000元~10,000元




爺爺奶奶、外公外婆


3,600元~6,600元




自己的小孩


800元~3,600元



親戚的小孩

200元~1,200元




 
過年紅包要封口嗎？
 
過年紅包是否需要封口？一般來說，基於「讓財氣得以流通」、「象徵年年如意順心」等說法，多數人以不封口為主；同時盡量不要使用「過期」紅包袋，因部分長輩會認為「被開過、用過＝好運被用光」。
 
此外，如果想特別向長輩表示心意，可以在紅包袋上寫上賀詞或吉祥話。還有需要特別注意的是，若晚輩收到長輩紅包，千萬不可馬上在長輩面前打開紅包，一般普遍民眾認為此舉對長輩不太禮貌。
 

 
過年現鈔流通大 辨別假鈔有3招
 
由於春節期間現鈔流通量大，央行提醒，現行流通鈔券使用的防偽設計有凹版印紋、水印、變色油墨、窗式安全線、隱藏字、光影變化箔膜等，民眾在收到鈔票時，把握「看一看」、「摸一摸」、「轉一轉」3原則以辨別鈔票真假、避免上當受騙。
 
1.「看一看」：迎光透視，可看見鈔券空白處的水印；以15度角檢視，鈔券正面右下角花紋圖案會浮現「1000」數字。
 
2.「摸一摸」：以手觸摸鈔券正面數字及文字，可感覺墨紋凸出紙面。
 
3.「轉一轉」：輕轉鈔券，正面左下角及背面左上角「1000」數字會出現金色與綠色的變化；正面右側條狀箔膜及背面窗式安全線呈現七彩光影變化效果。
 

","新鈔,銀行新鈔,郵局新鈔,換新鈔地點,換新鈔2024,新鈔ATM,新鈔提款機,Google換鈔地圖,過年紅包行情"
202401300002,哪裡可以換新鈔？Google換鈔地圖輕鬆查！ATM、郵局「限時5天」...父母、小孩紅包行情一次看,"哪裡可以換新鈔？,Google換鈔地圖超方便　一鍵查離你最近據點,過年紅包行情一覽表,沒有福利、每天吃報廢食品，他超商打工10年無怨言！46歲只領最低時薪...1原因「從沒想過換工作」, , ,過年紅包要封口嗎？,過年現鈔流通大 辨別假鈔有3招",職場生活,生活消費,2024-02-05,"
 
哪裡可以換新鈔？
 
根據中央銀行公告，今年新鈔兌換日期為113年2月1日（四）起至2月7日（三）止，共5個營業日。
 
民眾可於臺灣銀行、臺灣土地銀行、合作金庫商業銀行、第一商業銀行、華南商業銀行、彰化商業銀行、臺灣中小企業銀行及456家郵局兌換新鈔，以央行公告為準。
 
兌鈔限額為100元每人限兌100張，其餘各面額鈔券酌量供應。
 
台銀董事長呂桔誠表示，台銀新鈔兌換已經在進行中，每一個營業單位都有一台放新鈔的ATM，如果民眾有需要可以先兌換以紓解排隊人潮，而到真正兌換鈔的時候，會至少設置五到六個專屬兌換櫃台。
 

中央銀行請臺灣銀行、臺灣土地銀行、合作金庫商業銀行、第一商業銀行、華南商業銀行、彰化商業銀行、臺灣中小企業銀行及中華郵政公司等8家金融機構，選定454家分行(郵局)作為指定兌鈔地點。
 
「113年度春節新鈔兌換地點一覽表」看此

Google換鈔地圖超方便　一鍵查離你最近據點
 
為讓民眾出門在外能更便利地找到所在位置周邊的兌換新鈔據點，央行結合Google 地圖製作了「113年度春節前新鈔兌換地圖」（網址點此）方便民眾使用手機查找。
 
不過央行提醒，由於資金調度及庫存限額等因素，各銀行兌鈔地點每日新鈔供應有限額，民眾如果無法充分兌得所需的新鈔，請洽其他鄰近兌換地點辦理。
 
此外，央行也呼籲「紅包在心，不在新」，建議民眾紅包不一定要用新鈔，若民眾減少兌換新鈔，央行也能減少新鈔印製量，永續環保愛地球。
 

 
過年紅包行情一覽表
 
挑個吉利數字，可擅用百元鈔
 
包紅包最重要的是「挑個好數字，討吉利」，由於6跟8因為諧音同「一路發」，最受歡迎；如果想包大紅包，不妨多換些百元鈔票，以百元鈔替代千元鈔，增加紅包厚實感。再者，百元鈔「紅色」表示喜氣，能更增添年味和歡樂。
 
此外，包紅包還有一個重要原則是「雙數」，雙數代表好事成雙，也象徵吉祥吉利。雙數並非指數學上能被二整除，而是非零結尾的數字必需是雙數，例如3000在數學定義上雖然是雙數（能被2整除），但非零結尾的3是單數，所以在包紅包時，3000算是單數，通常只有在喪禮時會用到。
 

熱門新聞:
領死薪水省吃儉用，很難財務自由！他45歲提早退休，18年後寫給上班族5個忠告：退休規劃把握2原則
 
沒有福利、每天吃報廢食品，他超商打工10年無怨言！46歲只領最低時薪...1原因「從沒想過換工作」

 
 

 
按照以上原則，常見的紅包數字由小到到大為：200、600、1,000、1,200、1,600、2,000、2,200、2,600、3,600、6,000、6,600、10,000、16,000。
 
以常見的紅包行情來看，又可以對象不同區分：(可視自身經濟情況做調整)
 



發紅包對象
紅包金額


父母

6,000元~10,000元




爺爺奶奶、外公外婆


3,600元~6,600元




自己的小孩


800元~3,600元



親戚的小孩

200元~1,200元




 
過年紅包要封口嗎？
 
過年紅包是否需要封口？一般來說，基於「讓財氣得以流通」、「象徵年年如意順心」等說法，多數人以不封口為主；同時盡量不要使用「過期」紅包袋，因部分長輩會認為「被開過、用過＝好運被用光」。
 
此外，如果想特別向長輩表示心意，可以在紅包袋上寫上賀詞或吉祥話。還有需要特別注意的是，若晚輩收到長輩紅包，千萬不可馬上在長輩面前打開紅包，一般普遍民眾認為此舉對長輩不太禮貌。
 

 
過年現鈔流通大 辨別假鈔有3招
 
由於春節期間現鈔流通量大，央行提醒，現行流通鈔券使用的防偽設計有凹版印紋、水印、變色油墨、窗式安全線、隱藏字、光影變化箔膜等，民眾在收到鈔票時，把握「看一看」、「摸一摸」、「轉一轉」3原則以辨別鈔票真假、避免上當受騙。
 
1.「看一看」：迎光透視，可看見鈔券空白處的水印；以15度角檢視，鈔券正面右下角花紋圖案會浮現「1000」數字。
 
2.「摸一摸」：以手觸摸鈔券正面數字及文字，可感覺墨紋凸出紙面。
 
3.「轉一轉」：輕轉鈔券，正面左下角及背面左上角「1000」數字會出現金色與綠色的變化；正面右側條狀箔膜及背面窗式安全線呈現七彩光影變化效果。
 

","新鈔,銀行新鈔,郵局新鈔,換新鈔地點,換新鈔2024,新鈔ATM,新鈔提款機,Google換鈔地圖,過年紅包行情"
202401310059,00878季配息拉到0.4元，最後買進日曝光！21.6元我要搶上車？達人給買進區間：空手別等了,"合理買進區間18-20元，第一位階出來就可慢慢布局,00878受益人數超越台積電、僅次於中鋼!,00878受青睞，手續費全年僅0.46%,台股1~2月平均報酬率最高，定期定額勝率高",投資理財,ETF,2024-02-01,"
合理買進區間18-20元，第一位階出來就可慢慢布局
 
財經作家大俠武林曾在臉書分享，想要領息不貼息，就要學會逢低布局，可以參考殖利率區間，推算00878合理買進區間在18-20元，超過20元就買得比市場平均要高，想要等14元也就很難等。
 
「除非大盤重跌到不行才可能出現，建議第一個位階出來就可以入手慢慢布局，萬一被套牢再把股息買進就好了」。
 
 2023年00878配息表現

 
00878受益人數超越台積電、僅次於中鋼!
 
00878持續蟬聯ETF受益人數榜首，截至1月26日，受益人數來到118萬人，超越台積電的117.7萬人，僅次於中鋼123.3萬人(1/19)，晉級為投資人數第二大，標的規模達到2,466億元。
 
集中保管結算所的大數據平台亦統計，截至2023年底，投資人持股前10大的第3名就是00878，00878也是22歲以下學生族、以及上班族和家庭主婦等三大群組裡，持股最多、最喜愛的ETF。
 
00878受青睞，手續費全年僅0.46%
 
00878經理人游日傑提到00878獲得台灣最多投資人青睞的主要原因有三，一是選股重視產業均衡、注重企業永續發展，擄獲台灣投資人及年輕族群的高度認同。
 
二是手續費相對便宜，投信投顧公會公佈的2023年總費用率，00878再度成為總費用率最低的高股息ETF之一，全年僅0.46%，第三是具備隨漲抗跌的特性，相當適合作為長期退休金規劃，也是穩健型投資人的首選。
 

 
台股1~2月平均報酬率最高，定期定額勝率高
 
至於台股即將封關，該續抱還是要進行調節，游日傑指出，統計台股11~12 月至隔年1~2月平均報酬率最高，建議投資人定期定額透過台股ETF，把握年後開紅盤，以及2024股債多頭的投資好機會。
 
本文暫不授權媒體夥伴
","00878股價,00878配息,00878,00878除息,00878成分股,00878殖利率,國泰永續高股息ETF,高股息ETF,ETF,存股"
202401150032,0056股東開心啦！季配息拉高到0.7元、最後買進日是這天！去年含息報酬58%，現在36.4元還能買？,"0056去年含息總報酬58%,本次收益平準金為0,0056來到日K<20相對能買進時點,黃藍燈也是0056佈局好時機",投資理財,ETF,2024-01-17,"
0056去年含息總報酬58%
 
0056在2023年全年含息總報酬58%，各次季配息平均年化配息率6.2%，全年合計配息2.2元歷年新高，平均僅13個交易日即完成填息，連續填息年數進入第13年，續創高股息ETF新紀錄。
 
0056採預測未來一年殖利率選股，在景氣築底向上階段有機會有較佳表現，加上成分股檔數擴充至50檔後，在維持高股息選股特色的前提下，產業配置更為分散。
 
0056於2023年年底評價日淨值為37.52元，包含面額25元、收益平準金4.9元、資本平準金7.62元。
 
本次收益平準金為0
 
資本平準金中有約2.22元是2023年12月調整成分股時的已實現資本利得，可用於配息，挹注今年甚至是未來2年配息水準。
 

1.股利所得占比28.00%
2.利息所得占比0.00%
3.收益平準金占比0.00%
4.已實現資本利得占比72.00%
5.其他所得占比0.00%

 
0056於第二階段公告確定上調配息金額，整體配息率貼近指數息率，持續穩定將0056的投資成果分享出來。
 
0056來到日K<20相對能買進時點
 
觀察0056近期股價表現，在去年12月初創歷史天價37.54元後，週一（1/15）股價來到36.42元，不少人會問現在還能進場買嗎？過往樂活大叔施昇輝曾提出「日K<20，買」、「日K>80，賣」的心法，目前0056確實來到日K<20可以買進的時點。
 
0056線圖及日KD走勢
 

圖/雅虎奇摩股市
 

相關新聞：
 
0056漲逾36元要賣還續抱？施昇輝教「1公式」套利、持股變零成本：這價位存股先別再扣
 

 
但因為每個投資人的資金當然是有限的，在魚與熊掌不可兼得，也就是不知道最低價的現實中，又想增加張數，就是從你滿意的股息殖利率開始買起，然後一路往下買。
 
施昇輝也說，還有個最簡單的做法不傷腦的方式，還是每個月「定期定額」買0056。它的價格歷史大區間在25~35元。低於25元，加碼買；高於35元，暫時停扣；在區間內，則持續執行定期定額。
 
黃藍燈也是0056佈局好時機
 
另外，統計0056追蹤之臺灣高股息指數自2007年發布以來，四次景氣觸底向上階段含息報酬介於15.4%至90.3%。國發會最新公布之景氣對策信號分數以2023年2月為最低點，2023年11月重返黃藍燈，同期間臺灣高股息指數含息報酬42.6%，為歷史次高，而目前僅回黃藍燈，仍在復甦階段，持續為景氣相對低點布局機會。
 

相關新聞：
0056累積張數比追求低價重要！施昇輝：套37元沒關係，殖利率5%領股息也不錯，不燒腦買法必學
 

","0056股息,0056配息,0056,0056配息日,0056股價,0056最後買進日,元大高股息"
202402010015,新制勞退分紅來了！去年賺4785億、勞工平均領3.8萬新高...勞退帳戶怎麼查？何時能領一次看,",勞動基金平均收益率5.2%,新制勞退帳戶何時能領？可選月退或一次退？, ,新制勞退帳戶餘額如何查詢？",保險稅制,勞保勞退,2024-02-03,"

 
勞動基金平均收益率5.2%
 
整體勞動基金去年大賺，而近10年（103~112）平均收益率5.20%，國保基金近10年（103~112）平均收益率為5.65%，長期投資亦是績效穩健。
 
勞動基金運用局副局長劉麗茹表示，回顧去年全球仍受高漲的通貨膨脹威脅，各主要央行仍持續升息，連帶造成許多歐、美體質不佳之銀行經營危機，引發全球銀行類股股價急劇下跌，嗣因烏俄戰爭未平。
 
而後又爆發以巴衝突，地緣政治緊張加劇，且面臨各主要央行利率政策是否仍繼續升息等等不確定因素，造成金融市場數次回跌修正，增添基金投資困難。
 
展望未來，目前各主要國家利率水準仍維持高檔水位，各主要央行是否開始降息循環仍捉摸不定，加上烏俄戰爭、以巴衝突仍未平息，又紅海危機對全球供應鏈造成破壞，且適逢全球主要國家選舉年，皆為金融市場帶來紛擾。
 
勞動基金運用局將密切掌握全球政經情勢，檢視布局策略、擴建資產池及機動調整投資部位，強化基金運用效率，積極掌握金融市場動向，適時調整投資布局，以提升基金長期投資效益。
 
新制勞退帳戶何時能領？可選月退或一次退？
 
要如何查詢新制勞退的帳戶餘額呢？勞退分紅到底何時才能領出來？勞退基金每年3月都會分配前１年績效收益，分紅金額依照勞工帳戶內金額、投保年資、月提撥金額依比例去分配。
 
勞工年滿60歲即得請領退休金，提繳退休金年資滿15年以上者，得選擇請領月退休金或一次退休金，提繳退休金年資未滿15年者，應請領一次退休金。領取退休金後繼續工作提繳，1年得請領1次續提退休金。
 
另勞工如於請領退休金前死亡，可由遺屬或遺囑指定請領人請領退休金。又勞工未滿60歲惟喪失工作能力者，得提早請領退休金。
 
而勞工退休金個人專戶內之金額，其所有權屬於勞工，雇主不得查詢員工之勞工退休金個人專戶金額。
 

熱門新聞：
00878季配息拉到0.4元，最後買進日曝光！21.6元我要搶上車？達人給買進區間：空手別等了
 
領死薪水省吃儉用，很難財務自由！他45歲提早退休，18年後寫給上班族5個忠告：退休規劃把握2原則

 
新制勞退帳戶餘額如何查詢？
 
基於個人資料保護法之規範，並保護勞工隱私權，勞工本人可透過勞保局e化服務系統、或以勞動保障卡及郵政金融卡至發卡銀行(郵局)ATM、或親至勞保局各地辦事處臨櫃查詢勞工退休金個人專戶資料。
 
年滿60歲之勞工申請退休金前，亦可先至勞保局e化服務系統試算個人專戶核發金額，或至勞保局各地辦事處以臨櫃方式查詢及試算核發金額。
 
一、以行動電話認證、自然人憑證、虛擬勞保憑證或以行動自然人憑證上勞保局網站查詢及試算
二、以勞動保障卡查詢及試算
三、以郵政金融卡查詢
四、臨櫃查詢及試算
 
本文暫不授權媒體夥伴
","勞工退休金查詢,勞退新制,新制勞退,勞保退休金查詢,勞退新制分紅,新制勞退分紅,勞退,勞退帳戶"
202303290062,YouBike「前30分鐘免費」確定復活！明年1月正式上路　但民眾最在意的「缺點」只怕會更嚴重,,職場生活,生活消費,2023-03-31,"
 
根據台北市目前現有的1.3萬輛YouBike、1200個站點來看，雖然已全面更換成2.0，但常出現無車可借、無車柱可還的情形，台北市交通局為避免此尷尬情況，研擬先將免費對象設定為學生族群，進而擴大到全民，被質疑蔣萬安當初「前30分鐘免費」政見跳票。
 
蔣萬安3/29宣布，YouBike「前30分鐘免費」政策2024年1月確定正式上路後，希望能提高公共運輸使用率，且達到節能減碳的效果。
 
對此，國民黨北市議員詹為元3/28表示，雖然政策立意良善，但是YouBike現今存在空車率過高的問題，像是民眾陳情的5大案件中，「無車可借」就是被反應最多次的問題，近3個月陳情總數高達61次，而「遺失車通報」則列在第5位。
 
詹為元進一步說明，大多數民眾多是走到租借點才發現沒車可租借，當下便會離開選擇其他交通方式，根本不會通報，因此「無車可借」的情形可能不只是檯面上的數字而已，數據也無法反應真實情形。
 
在這樣的情形下，一旦開放前30分鐘免費，那麼想要借車的民眾在上下班的尖峰時段，恐怕只會更難借到車。就算已經有派員處理補車問題，不過長時間無車可借的次數仍居高不下、緩不濟急，詹為元希望交通局能夠盡速檢討，補足車輛、車柱達到一定比例解決缺車問題。
 
蔣萬安回應，其實不只是市民們的反應，自己的個人經驗也是如此，熱門站點很常無車可借，也有到了目的地無車柱可還的情形，目前已指示交通局2023年的上半年會先規劃增加1780台YouBike，等到「前30分鐘免費」政策於2024年1月上路，會再透過數據資料分析、優化整體調度進行更有效率的配置。
","YouBike收費,YouBike註冊,YouBike免費,YouBike客服,YouBike 2.0"
202207180010,「為了模型好幼稚！」她因哥吉拉被離婚，討拍挨轟：尊重呢？作家揭母丟光漫畫…因3個字冷戰兩年,藤井樹自揭悲慘童年經驗…「漫畫被母丟光光」　母子冷戰2年,產業時事,政治社會,2022-07-18,"
 

 
這名人妻因親戚小孩看上老公珍藏的哥吉拉模型，便在未經同意之下送給他人，沒想到老公出差返家，發現櫃中的哥吉拉少了一隻，緊張地追問下落，而該名妻子也照實說已送人，但承諾會買一模一樣的模型還給他，沒料到老公一氣之下出門花10幾萬買了一堆模型回家，讓該人妻認為是老公在挑釁，「我氣到直接回娘家，要他道歉，不然我們兩個會有大問題」。
 
丈夫氣不過之下向太太提了離婚，這名妻子不解地說「為了一個模型那麼幼稚，我該怎麼讓他別像個小男孩一樣呀？」奇葩文章一曝光立即引發熱議，風向一面倒的批評該人妻，「不尊重人在先，後面說再多都只是狡辯！」「妳怎麼會覺得結了婚，伴侶的東西就是自己的？」
 
連高雄阮綜合醫院身心科醫師林奕萱也看不下去，直呼「欺負別人的上網公審被欺負的人，看了超級生氣。」林奕萱表示，原PO不尊重先生在前，公仔送出前先拍照，事後想買還一隻一模一樣的，心態上是想以貍貓換太子手法掩蓋此事，其實做了最壞的示範給孩子看。
 

 

哥吉拉是日本影史中相當經典的怪獸角色，周邊的模型公仔是不少玩家喜愛的珍藏之物，尤其經專業原型師操刀過的作品，更是令收藏家為之暴動，要價不斐也很有增值空間。

 
此外，林醫師認為，蒐集公仔對先生而言有特別的意義存在，不是買隻一模一樣的就可取代的，這位太太侵犯先生的界線，還反過來說先生孩子氣，質疑愛公仔的人是長不大的人格特質，更是汙名化，「收集公仔怎麼了嗎？收藏物品的嗜好是不分年齡的，集公仔如果很孩子氣，市場就不會發展得那麼成熟。」
 
「愈親密的人愈要尊重，這起案例看似小事，但見微知著」，林奕萱說，她門診有很多個案，都用既有立場要求別人，最後吵得不可開交來看醫師，家庭衝突歸根結柢出在「尊重」兩個字；換個立場想，先生若也私自將太太喜愛的首飾或衣物送人，太太會開心同意嗎？「夫妻間若沒辦法尊重，離婚也是早晚的事」。
 
藤井樹自揭悲慘童年經驗…「漫畫被母丟光光」　母子冷戰2年
 
對於該人妻不懂，為何因一個公仔鬧到要離婚，知名作家藤井樹以自身經驗解答，他表示，童年時曾與媽媽冷戰長達2年，問題正是出在「不尊重」3個字。藤井樹表示，自己從國小五年級就開始存零用錢買下喜愛的漫畫書，但在高二那年，媽媽未經同意把他90%的漫畫全部丟掉！剩下10%是因為媽媽沒發現……
 
母親擅自扔掉漫畫的理由是「要聯考了，看漫畫沒有前途。」甚至還請算命師來家裡改造風水，在未經孩子同意之下將房間大改造，種種舉動讓藤井樹完全無法接受，母子倆吵得不可開交，心灰意冷之下整整兩年沒跟母親講話，心中忿恨難平也只能做無聲抗議。藤井樹指出，「媽媽一連串毫無一點尊重的行為，讓我打從靈魂深處感到噁心」。
 
他強調，「不尊重」3個字不管是父母、夫妻、孩子、朋友、同學、兄弟姐妹，不管你是誰，都一定曾經、依然、或正在犯一樣的錯誤，如同上述人妻在網路上發文試圖討拍一樣，問題也是出在不尊重；藤井樹認為，尊重就兩個字，學會寫，可能要一輩子。
 

","哥吉拉,藤井樹,模型,公仔,林奕萱"
202401270007,《賀瓏夜夜秀》惹出火，董事長博恩過往黑歷史也不少…他批「薩泰爾不像脫口秀，反像台版抖音」,"博恩玩鄭南榕自焚「地獄梗」，退出節目主持,退役飛官改當外送員扛家計故事假的，博恩認自己清白的, ",職場生活,生活消費,2024-01-27,"
博恩玩鄭南榕自焚「地獄梗」，退出節目主持
 
這次《賀瓏夜夜秀》玩出火，其實不是薩泰爾第一次節目出事，2019年《博恩夜夜秀》在第2季結束後，博恩曾在一場活動中，拿鄭南榕自焚玩「地獄梗」引起撻伐，當時薩泰爾娛樂即暫時停止與曾博恩一切製作合作，並停止職權。
 
曾博恩當時發聲明為自己「不成熟的即興串場」深感抱歉，並交出節目主持棒，不過目前仍擔任薩泰爾娛樂董事長。
 
退役飛官改當外送員扛家計故事假的，博恩認自己清白的
 
而去年12月28日博恩在YouTube分享一段退役飛官改當外送員扛家計的故事，原本溫馨感人的故事卻因為外送員說謊變調，導致曾博恩反成眾矢之的，博恩當時發聲表示，自己不明白一個完全清白的人還需要做多少事證明自己清白，並說出「對不起，從來沒有這麼難過，我需要幫助」。
 
出版《臺灣交響曲：名為變態的神父自選集》的作家「名為變態的神父」在臉書發文表示，薩泰爾不像是「脫口秀」，反像是台版抖音，將專業的東西破碎化，去掉規則和內涵，只取其所需，想要的「效果」，讓令觀眾聽從他們指令的戲謔與支配。
 
神父說，薩泰爾這間娛樂公司，一向以得罪台灣本土派支持者，挑戰社會大眾對於道德的底線。「博恩拿鄭南榕來玩地獄梗，賀瓏以母豬怎麼叫來嘲諷所有女性，他們以這樣的脫口秀，刺激觀眾笑點，用搞笑來包裝惡意是對的，無止盡的繼續下去」。
 



＃神父的鹽 . 藍綠白橘的錢都有收的薩泰爾，終於超越了色彩，達到了真正的「假中立」，那就是連紅的，說的話，他們也照單全收了． . 曾任中國央視記者的王志安，終於來到薩泰爾的夜夜秀，粉墨登場． . 「讓我們來聊一下這次的台灣大選好了，你特地來...
由名為變態的神父發佈於 2024年1月23日 星期二

 
這次《賀瓏夜夜秀》玩出大火，於週六（1/27）錄製本季最後一集，從官方臉書帳號找出2023年11月1日至2024年1月20日的贊助商，共有17個贊助商，目前已有7家急切割，包括德國床墊品牌「Emma床墊」、叫平台車「yoxi」都表示，暫停所有和「賀瓏夜夜秀」的合作。
 
而Dr.情趣、Roichen正脊坐墊則是捐款10萬元至財團法人愛盲基金會、吉拉單一麥芽蘇格蘭威士忌、威訊WaySim，也紛紛解除與夜夜秀的合作，台灣基進黨除了撤贊助之外，還宣布要對薩泰爾提告，要求民事損害賠償。
 
雖然薩泰爾事後以針對節目內容把關的疏失，向陳俊翰律師表達最深的歉意，也感謝陳律師的回應，對這次的擦槍走火道歉，未來是否能將分際抓好，還有待時間觀察。
 

相關新聞：
 
誰是陳俊翰？生命鬥士罹罕病「因電毯釀災截肢」，卻被《賀瓏夜夜秀》戲謔…台大醫轟噁心提拒看
 
歧視律師陳俊翰「全網抵制」！17家贊助《賀瓏夜夜秀》他們急喊卡切割…這業者捐10萬挺身障
 
 
「媽媽是最偉大的女明星」律師陳俊翰小高一那年10分鐘分享：曾恐懼一覺不醒，看到她的臉龐決心活下去

 

圖／翻攝STR Network YouTube頻道網頁
","博恩,賀瓏夜夜秀,王志安,陳俊翰,薩泰爾娛樂,博恩夜夜秀"
202401020015,今周重磅》2024還買得到實支實付嗎？為何副本理賠遭禁 ... 製造業氛圍差，台灣PMI何時重返擴張？,"今周重磅：實支實付之亂新年落幕… 為何金管會要禁副本理賠,
今周重磅：製造業氛圍差　台灣PMI何時恢復擴張？",保險稅制,保險,2024-01-02,"
 
今周重磅：實支實付之亂新年落幕… 為何金管會要禁副本理賠

2024元旦起，多家壽險公司的實支實付保單出現停售潮，實支實付是一種民眾憑醫療收據，就能「花多少、賠多少」的保單，成為不少規劃保險時的必選菜單。只是，有民眾會規劃「雙實支」、甚至「三實支」，只要生一場病能獲得更多理賠。

為何要禁副本理賠？

雖然改革時程、方向尚未確定，但市場仍會有實支實付保單可供民眾購買，只是恐怕無法再以「副本」方式申請理賠。

醫療險多半要求民眾提供醫藥費收據正本，但有少數保險公司願意接受副本理賠，也讓民眾鎖定這幾家公司的實支實付保單，打造多重保障。目前，金管會規定實支實付險，意外實支、醫療實支每人僅能各買3張。

就怕民眾「靠生病賺錢」，金管會保險局希望改革實支實付保單，馬上有數家保險公司跟進停售，引起民眾恐慌。金管會說明，保險商品要回歸保險保障本質，實支實付商品也應落實損害填補原則，確保理賠不會超過實際支付金額。

實支險停售潮… 未來買不到實支實付了？

保誠人壽、台灣人壽、全球人壽、宏泰人壽等公司，上周紛紛停售實支實付型保單，由於這幾家壽險公司的保單，多半接受保護以副本理賠，幾家公司為了符合金管會改革方向，紛紛停售保單。中國人壽的實支實付保單則改為僅接受正本理賠。

其實，市場仍有多家壽險公司有賣實支實付保單，只是大多都無法提供副本理賠，這場實支險之亂何時能落幕，就看未來金管會何時訂出明確新規範。



今周重磅：製造業氛圍差　台灣PMI何時恢復擴張？

中經院本周一(1月2日)將發布2023年12月最新製造業採購經理人指數(PMI)，由於PMI屬於領先指標，因此可說是製造業重要景氣風向球。

只是，近期台灣出口數字已好轉，但PMI指數卻已連續9個月50之下，處於萎縮狀態。接下來幾個月也不是製造業旺季，中經院院長葉俊顯日前就表示，目前製造業氛圍就是「等」，等待景氣復甦的燕群到來。

製造業氛圍差！ 美、中PMI持續萎縮

其實不只台灣，目前美國、中國的PMI指數同樣處於萎縮。根據中國國家統計局率先公布的2023年12月PMI指數為49，比去上月下降了0.4，低於市場預期，已連續下跌了3個月。

美國PMI則是連續13個月低於榮枯線，創下網路泡沫以來最長的萎縮週期。當美、中等國製造業氛圍低迷，想要見到台灣PMI轉為擴張，的確需要耐心等。
","實支實付,PMI,副本,金管會,中經院,進出口"
